Workbook
Name Slicer_Category: #N/A

Sheet PROJECT

Sheet working sheet
A1: months | B1: Total sale | C1: profit | F1: Category | G1: Total sales | L1: =INDEX(F2:F5,F7) -> Clothing
A2: January | B2: =SUMIFS(Data!$J$1:$J$501,Data!$K$1:$K$501,'working sheet'!A2,Data!$C$1:$C$501,'working sheet'!$L$1) -> 23166 | C2: =SUMIFS(Data!$I$1:$I$501,Data!$K$1:$K$501,'working sheet'!A2,Data!$C$1:$C$501,'working sheet'!$L$1) -> 947 | F2: Electronics
A3: February | B3: =SUMIFS(Data!$J$1:$J$501,Data!$K$1:$K$501,'working sheet'!A3,Data!$C$1:$C$501,'working sheet'!$L$1) -> 24141 | C3: =SUMIFS(Data!$I$1:$I$501,Data!$K$1:$K$501,'working sheet'!A3,Data!$C$1:$C$501,'working sheet'!$L$1) -> 928 | F3: Home & Kitchen
A4: March | B4: =SUMIFS(Data!$J$1:$J$501,Data!$K$1:$K$501,'working sheet'!A4,Data!$C$1:$C$501,'working sheet'!$L$1) -> 28769 | C4: =SUMIFS(Data!$I$1:$I$501,Data!$K$1:$K$501,'working sheet'!A4,Data!$C$1:$C$501,'working sheet'!$L$1) -> 1279 | F4: Clothing | I4: region | J4: (All)
A5: April | B5: =SUMIFS(Data!$J$1:$J$501,Data!$K$1:$K$501,'working sheet'!A5,Data!$C$1:$C$501,'working sheet'!$L$1) -> 37235 | C5: =SUMIFS(Data!$I$1:$I$501,Data!$K$1:$K$501,'working sheet'!A5,Data!$C$1:$C$501,'working sheet'!$L$1) -> 2082 | F5: Beauty
A6: May | B6: =SUMIFS(Data!$J$1:$J$501,Data!$K$1:$K$501,'working sheet'!A6,Data!$C$1:$C$501,'working sheet'!$L$1) -> 23911 | C6: =SUMIFS(Data!$I$1:$I$501,Data!$K$1:$K$501,'working sheet'!A6,Data!$C$1:$C$501,'working sheet'!$L$1) -> 976 | I6: Sum of total sales
A7: June | B7: =SUMIFS(Data!$J$1:$J$501,Data!$K$1:$K$501,'working sheet'!A7,Data!$C$1:$C$501,'working sheet'!$L$1) -> 40100 | C7: =SUMIFS(Data!$I$1:$I$501,Data!$K$1:$K$501,'working sheet'!A7,Data!$C$1:$C$501,'working sheet'!$L$1) -> 1930 | F7: 3 | I7: 429659
A8: July | B8: =SUMIFS(Data!$J$1:$J$501,Data!$K$1:$K$501,'working sheet'!A8,Data!$C$1:$C$501,'working sheet'!$L$1) -> 18858 | C8: =SUMIFS(Data!$I$1:$I$501,Data!$K$1:$K$501,'working sheet'!A8,Data!$C$1:$C$501,'working sheet'!$L$1) -> 1390
A9: August | B9: =SUMIFS(Data!$J$1:$J$501,Data!$K$1:$K$501,'working sheet'!A9,Data!$C$1:$C$501,'working sheet'!$L$1) -> 49519 | C9: =SUMIFS(Data!$I$1:$I$501,Data!$K$1:$K$501,'working sheet'!A9,Data!$C$1:$C$501,'working sheet'!$L$1) -> 2211
A10: September | B10: =SUMIFS(Data!$J$1:$J$501,Data!$K$1:$K$501,'working sheet'!A10,Data!$C$1:$C$501,'working sheet'!$L$1) -> 23753 | C10: =SUMIFS(Data!$I$1:$I$501,Data!$K$1:$K$501,'working sheet'!A10,Data!$C$1:$C$501,'working sheet'!$L$1) -> 1134
A11: October | B11: =SUMIFS(Data!$J$1:$J$501,Data!$K$1:$K$501,'working sheet'!A11,Data!$C$1:$C$501,'working sheet'!$L$1) -> 22107 | C11: =SUMIFS(Data!$I$1:$I$501,Data!$K$1:$K$501,'working sheet'!A11,Data!$C$1:$C$501,'working sheet'!$L$1) -> 1435
A12: November | B12: =SUMIFS(Data!$J$1:$J$501,Data!$K$1:$K$501,'working sheet'!A12,Data!$C$1:$C$501,'working sheet'!$L$1) -> 15398 | C12: =SUMIFS(Data!$I$1:$I$501,Data!$K$1:$K$501,'working sheet'!A12,Data!$C$1:$C$501,'working sheet'!$L$1) -> 605
A13: December | B13: =SUMIFS(Data!$J$1:$J$501,Data!$K$1:$K$501,'working sheet'!A13,Data!$C$1:$C$501,'working sheet'!$L$1) -> 35158 | C13: =SUMIFS(Data!$I$1:$I$501,Data!$K$1:$K$501,'working sheet'!A13,Data!$C$1:$C$501,'working sheet'!$L$1) -> 1726
A15: region | B15: total sales
A16: South | B16: =SUMIFS(Data!$J$1:$J$501,Data!$F$1:$F$501,'working sheet'!A16,Data!$C$1:$C$501,'working sheet'!$L$1) -> 74861 | F16: Sum of Sales | G16: Column Labels
A17: North | B17: =SUMIFS(Data!$J$1:$J$501,Data!$F$1:$F$501,'working sheet'!A17,Data!$C$1:$C$501,'working sheet'!$L$1) -> 77413 | F17: Row Labels | G17: Beauty | H17: Clothing | I17: Electronics | J17: Home & Kitchen | K17: Grand Total
A18: East | B18: =SUMIFS(Data!$J$1:$J$501,Data!$F$1:$F$501,'working sheet'!A18,Data!$C$1:$C$501,'working sheet'!$L$1) -> 83315 | F18: East | G18: 19068 | H18: 28533 | I18: 33946 | J18: 30138 | K18: 111685
A19: West | B19: =SUMIFS(Data!$J$1:$J$501,Data!$F$1:$F$501,'working sheet'!A19,Data!$C$1:$C$501,'working sheet'!$L$1) -> 106526 | F19: North | G19: 38438 | H19: 28327 | I19: 27166 | J19: 25320 | K19: 119251
F20: South | G20: 34133 | H20: 23706 | I20: 34691 | J20: 43918 | K20: 136448
F21: West | G21: 27369 | H21: 35858 | I21: 22729 | J21: 33852 | K21: 119808
F22: Grand Total | G22: 119008 | H22: 116424 | I22: 118532 | J22: 133228 | K22: 487192

Sheet dashboard
H1: E-Commerce Sales Performance Dashboard

Sheet Data
A1: Order ID | B1: Order Date | C1: Category | D1: Sub-Category | E1: Customer Name | F1: Region | G1: Sales | H1: Quantity | I1: Profit | J1: Total sales | K1: months
A2: ORD0001 | B2: 45041 | C2: Electronics | D2: Laptop | E2: Customer_16 | F2: East | G2: 322 | H2: 1 | I2: 59 | J2: =H2*G2 -> 322 | K2: April
A3: ORD0002 | B3: 44942 | C3: Electronics | D3: Camera | E3: Customer_3 | F3: West | G3: 232 | H3: 2 | I3: 35 | J3: =H3*G3 -> 464 | K3: January
A4: ORD0003 | B4: 45259 | C4: Electronics | D4: Camera | E4: Customer_46 | F4: South | G4: 1417 | H4: 4 | I4: 133 | J4: =H4*G4 -> 5668 | K4: November
A5: ORD0004 | B5: 45143 | C5: Home & Kitchen | D5: Mixer | E5: Customer_45 | F5: South | G5: 713 | H5: 2 | I5: 66 | J5: =H5*G5 -> 1426 | K5: August
A6: ORD0005 | B6: 44976 | C6: Home & Kitchen | D6: Mixer | E6: Customer_25 | F6: North | G6: 750 | H6: 3 | I6: 128 | J6: =H6*G6 -> 2250 | K6: February
A7: ORD0006 | B7: 44967 | C7: Electronics | D7: Headphones | E7: Customer_25 | F7: North | G7: 1126 | H7: 5 | I7: 255 | J7: =H7*G7 -> 5630 | K7: February
A8: ORD0007 | B8: 44962 | C8: Home & Kitchen | D8: Lamp | E8: Customer_46 | F8: South | G8: 139 | H8: 2 | I8: 28 | J8: =H8*G8 -> 278 | K8: February
A9: ORD0008 | B9: 45069 | C9: Electronics | D9: Smartphone | E9: Customer_25 | F9: North | G9: 934 | H9: 3 | I9: 77 | J9: =H9*G9 -> 2802 | K9: May
A10: ORD0009 | B10: 45276 | C10: Home & Kitchen | D10: Cookware | E10: Customer_45 | F10: East | G10: 1313 | H10: 5 | I10: 232 | J10: =H10*G10 -> 6565 | K10: December
A11: ORD0010 | B11: 45065 | C11: Clothing | D11: Jeans | E11: Customer_25 | F11: West | G11: 1979 | H11: 5 | I11: 185 | J11: =H11*G11 -> 9895 | K11: May
A12: ORD0011 | B12: 45088 | C12: Home & Kitchen | D12: Mixer | E12: Customer_3 | F12: South | G12: 832 | H12: 1 | I12: 76 | J12: =H12*G12 -> 832 | K12: June
A13: ORD0012 | B13: 45256 | C13: Home & Kitchen | D13: Cookware | E13: Customer_26 | F13: West | G13: 944 | H13: 3 | I13: 73 | J13: =H13*G13 -> 2832 | K13: November
... A28: ORD0027 | B28: 45261 | C28: Beauty | D28: Haircare | E28: Customer_44 | F28: North | G28: 1969 | H28: 1 | I28: 122 | J28: =H28*G28 -> 1969 | K28: December
A29: ORD0028 | B29: 45024 | C29: Home & Kitchen | D29: =D29:D36 -> 0 | E29: Customer_13 | F29: South | G29: 1095 | H29: 2 | I29: 147 | J29: =H29*G29 -> 2190 | K29: April
A30: ORD0029 | B30: 45153 | C30: Home & Kitchen | D30: Mattress | E30: Customer_5 | F30: South | G30: 1625 | H30: 5 | I30: 113 | J30: =H30*G30 -> 8125 | K30: August
A31: ORD0030 | B31: 45135 | C31: Electronics | D31: Laptop | E31: Customer_11 | F31: South | G31: 997 | H31: 2 | I31: 222 | J31: =H31*G31 -> 1994 | K31: July
A32: ORD0031 | B32: 45126 | C32: Electronics | D32: Smartphone | E32: Customer_1 | F32: West | G32: 567 | H32: 4 | I32: 60 | J32: =H32*G32 -> 2268 | K32: July
A33: ORD0032 | B33: 45038 | C33: Beauty | D33: Makeup | E33: Customer_19 | F33: South | G33: 1938 | H33: 5 | I33: 382 | J33: =H33*G33 -> 9690 | K33: April
A34: ORD0033 | B34: 45226 | C34: Electronics | D34: Tablet | E34: Customer_4 | F34: North | G34: 979 | H34: 5 | I34: 79 | J34: =H34*G34 -> 4895 | K34: October
A35: ORD0034 | B35: 44961 | C35: Electronics | D35: Smartphone | E35: Customer_39 | F35: North | G35: 1366 | H35: 2 | I35: 178 | J35: =H35*G35 -> 2732 | K35: February
A36: ORD0035 | B36: 44968 | C36: Clothing | D36: Dress | E36: Customer_40 | F36: North | G36: 867 | H36: 5 | I36: 141 | J36: =H36*G36 -> 4335 | K36: February
A37: ORD0036 | B37: 45087 | C37: Home & Kitchen | D37: Furniture | E37: Customer_43 | F37: South | G37: 515 | H37: 4 | I37: 39 | J37: =H37*G37 -> 2060 | K37: June
A38: ORD0037 | B38: 44964 | C38: Home & Kitchen | D38: Mattress | E38: Customer_49 | F38: East | G38: 68 | H38: 5 | I38: 17 | J38: =H38*G38 -> 340 | K38: February
A39: ORD0038 | B39: 45062 | C39: Electronics | D39: Laptop | E39: Customer_33 | F39: South | G39: 308 | H39: 3 | I39: 69 | J39: =H39*G39 -> 924 | K39: May
A40: ORD0039 | B40: 45151 | C40: Clothing | D40: Jacket | E40: Customer_11 | F40: East | G40: 1675 | H40: 3 | I40: 288 | J40: =H40*G40 -> 5025 | K40: August
A41: ORD0040 | B41: 44980 | C41: Electronics | D41: Camera | E41: Customer_43 | F41: East | G41: 1880 | H41: 2 | I41: 193 | J41: =H41*G41 -> 3760 | K41: February
... A501: ORD0500 | B501: 45256 | C501: Beauty | D501: Makeup | E501: Customer_1 | F501: North | G501: 1872 | H501: 5 | I501: 411 | J501: =H501*G501 -> 9360 | K501: November
